{
	"name": "Default bindings for MixedReality",
	"controller_type": "holographic_controller",
	"last_edited_by": "UnrealEngine",
	"bindings":
	{
		"/actions/main":
		{
			"sources": [
				{
					"mode": "button",
					"path": "/user/hand/left/input/trigger",
					"inputs":
					{
						"click":
						{
							"output": "/actions/main/in/MotionControllerTriggerLeft"
						}
					}
				},
				{
					"mode": "button",
					"path": "/user/hand/right/input/trigger",
					"inputs":
					{
						"click":
						{
							"output": "/actions/main/in/MotionControllerTriggerRight"
						}
					}
				},
				{
					"mode": "button",
					"path": "/user/hand/left/input/grip",
					"inputs":
					{
						"click":
						{
							"output": "/actions/main/in/MotionControllerGripLeft"
						}
					}
				},
				{
					"mode": "button",
					"path": "/user/hand/right/input/grip",
					"inputs":
					{
						"click":
						{
							"output": "/actions/main/in/MotionControllerGripRight"
						}
					}
				},
				{
					"mode": "joystick",
					"path": "/user/hand/left/input/joystick",
					"inputs":
					{
						"click":
						{
							"output": "/actions/main/in/ThumbstickPressLeft"
						}
					}
				},
				{
					"mode": "joystick",
					"path": "/user/hand/right/input/joystick",
					"inputs":
					{
						"click":
						{
							"output": "/actions/main/in/ThumbstickPressRight"
						}
					}
				},
				{
					"mode": "scalar_constant",
					"path": "/user/hand/left/input/grip",
					"inputs":
					{
						"value":
						{
							"output": "/actions/main/in/Grip1AxisLeft axis"
						}
					}
				},
				{
					"mode": "scalar_constant",
					"path": "/user/hand/right/input/grip",
					"inputs":
					{
						"value":
						{
							"output": "/actions/main/in/Grip1AxisRight axis"
						}
					}
				},
				{
					"mode": "trigger",
					"path": "/user/hand/left/input/trigger",
					"inputs":
					{
						"pull":
						{
							"output": "/actions/main/in/TriggerAxisLeft axis"
						}
					}
				},
				{
					"mode": "trigger",
					"path": "/user/hand/right/input/trigger",
					"inputs":
					{
						"pull":
						{
							"output": "/actions/main/in/TriggerAxisRight axis"
						}
					}
				}
			],
			"poses": [
				{
					"output": "/actions/main/in/controllerleft",
					"path": "/user/hand/left/pose/raw",
					"requirement": "optional"
				},
				{
					"output": "/actions/main/in/controllerright",
					"path": "/user/hand/right/pose/raw"
				}
			],
			"skeleton": [
				{
					"output": "/actions/main/in/skeletonleft",
					"path": "/user/hand/left/input/skeleton/left"
				},
				{
					"output": "/actions/main/in/skeletonright",
					"path": "/user/hand/right/input/skeleton/right"
				}
			],
			"haptics": [
				{
					"output": "/actions/main/out/vibrateleft",
					"path": "/user/hand/left/output/haptic"
				},
				{
					"output": "/actions/main/out/vibrateright",
					"path": "/user/hand/right/output/haptic"
				}
			]
		}
	},
	"description": "AVR-11100242"
}