{
	"name": "Default bindings for ValveIndex",
	"controller_type": "knuckles",
	"last_edited_by": "UnrealEngine",
	"bindings":
	{
		"/actions/main":
		{
			"sources": [
				{
					"mode": "force_sensor",
					"path": "/user/hand/left/input/grip",
					"inputs":
					{
						"force":
						{
							"output": "/actions/main/in/Grip1AxisLeft axis"
						}
					}
				},
				{
					"mode": "force_sensor",
					"path": "/user/hand/right/input/grip",
					"inputs":
					{
						"force":
						{
							"output": "/actions/main/in/Grip1AxisRight axis"
						}
					}
				},
				{
					"mode": "trigger",
					"path": "/user/hand/left/input/trigger",
					"inputs":
					{
						"pull":
						{
							"output": "/actions/main/in/TriggerAxisLeft axis"
						}
					}
				},
				{
					"mode": "trigger",
					"path": "/user/hand/right/input/trigger",
					"inputs":
					{
						"pull":
						{
							"output": "/actions/main/in/TriggerAxisRight axis"
						}
					}
				}
			],
			"poses": [
				{
					"output": "/actions/main/in/controllerleft",
					"path": "/user/hand/left/pose/raw",
					"requirement": "optional"
				},
				{
					"output": "/actions/main/in/controllerright",
					"path": "/user/hand/right/pose/raw"
				}
			],
			"skeleton": [
				{
					"output": "/actions/main/in/skeletonleft",
					"path": "/user/hand/left/input/skeleton/left"
				},
				{
					"output": "/actions/main/in/skeletonright",
					"path": "/user/hand/right/input/skeleton/right"
				}
			],
			"haptics": [
				{
					"output": "/actions/main/out/vibrateleft",
					"path": "/user/hand/left/output/haptic"
				},
				{
					"output": "/actions/main/out/vibrateright",
					"path": "/user/hand/right/output/haptic"
				}
			]
		}
	},
	"description": "AVR-11100242"
}