{
	"actions": [
		{
			"name": "/actions/main/in/controllerleft",
			"type": "pose",
			"requirement": "optional"
		},
		{
			"name": "/actions/main/in/controllerright",
			"type": "pose",
			"requirement": "optional"
		},
		{
			"name": "/actions/main/in/special1",
			"type": "pose",
			"requirement": "optional"
		},
		{
			"name": "/actions/main/in/special2",
			"type": "pose",
			"requirement": "optional"
		},
		{
			"name": "/actions/main/in/special3",
			"type": "pose",
			"requirement": "optional"
		},
		{
			"name": "/actions/main/in/special4",
			"type": "pose",
			"requirement": "optional"
		},
		{
			"name": "/actions/main/in/special5",
			"type": "pose",
			"requirement": "optional"
		},
		{
			"name": "/actions/main/in/special6",
			"type": "pose",
			"requirement": "optional"
		},
		{
			"name": "/actions/main/in/special7",
			"type": "pose",
			"requirement": "optional"
		},
		{
			"name": "/actions/main/in/special8",
			"type": "pose",
			"requirement": "optional"
		},
		{
			"name": "/actions/main/in/skeletonleft",
			"type": "skeleton",
			"skeleton": "/skeleton/hand/left",
			"requirement": "optional"
		},
		{
			"name": "/actions/main/in/skeletonright",
			"type": "skeleton",
			"skeleton": "/skeleton/hand/right",
			"requirement": "optional"
		},
		{
			"name": "/actions/main/in/open_console",
			"type": "boolean",
			"requirement": "optional"
		},
		{
			"name": "/actions/main/out/vibrateleft",
			"type": "vibration",
			"requirement": "optional"
		},
		{
			"name": "/actions/main/out/vibrateright",
			"type": "vibration",
			"requirement": "optional"
		},
		{
			"name": "/actions/main/in/MotionControllerTriggerLeft",
			"type": "boolean"
		},
		{
			"name": "/actions/main/in/MotionControllerTriggerRight",
			"type": "boolean"
		},
		{
			"name": "/actions/main/in/MotionControllerGripLeft",
			"type": "boolean"
		},
		{
			"name": "/actions/main/in/MotionControllerGripRight",
			"type": "boolean"
		},
		{
			"name": "/actions/main/in/ThumbstickPressLeft",
			"type": "boolean"
		},
		{
			"name": "/actions/main/in/ThumbstickPressRight",
			"type": "boolean"
		},
		{
			"name": "/actions/main/in/ShoulderLeft",
			"type": "boolean"
		},
		{
			"name": "/actions/main/in/ShoulderRight",
			"type": "boolean"
		},
		{
			"name": "/actions/main/in/FaceButton01Left",
			"type": "boolean"
		},
		{
			"name": "/actions/main/in/FaceButton01Right",
			"type": "boolean"
		},
		{
			"name": "/actions/main/in/FaceButton02Left",
			"type": "boolean"
		},
		{
			"name": "/actions/main/in/FaceButton02Right",
			"type": "boolean"
		},
		{
			"name": "/actions/main/in/FaceButton03Left",
			"type": "boolean"
		},
		{
			"name": "/actions/main/in/FaceButton03Right",
			"type": "boolean"
		},
		{
			"name": "/actions/main/in/FaceButton04Left",
			"type": "boolean"
		},
		{
			"name": "/actions/main/in/FaceButton04Right",
			"type": "boolean"
		},
		{
			"name": "/actions/main/in/CapTouchPointingLeft axis",
			"type": "vector1"
		},
		{
			"name": "/actions/main/in/CapTouchPointingRight axis",
			"type": "vector1"
		},
		{
			"name": "/actions/main/in/CapTouchThumbLeft axis",
			"type": "vector1"
		},
		{
			"name": "/actions/main/in/CapTouchThumbRight axis",
			"type": "vector1"
		},
		{
			"name": "/actions/main/in/Grip1AxisLeft axis",
			"type": "vector1"
		},
		{
			"name": "/actions/main/in/Grip1AxisRight axis",
			"type": "vector1"
		},
		{
			"name": "/actions/main/in/TriggerAxisLeft axis",
			"type": "vector1"
		},
		{
			"name": "/actions/main/in/TriggerAxisRight axis",
			"type": "vector1"
		},
		{
			"name": "/actions/main/in/ThumbstickXLeft axis",
			"type": "vector1"
		},
		{
			"name": "/actions/main/in/ThumbstickYLeft axis",
			"type": "vector1"
		},
		{
			"name": "/actions/main/in/ThumbstickXRight axis",
			"type": "vector1"
		}
	],
	"action_sets": [
		{
			"name": "/actions/main",
			"usage": "leftright"
		}
	],
	"default_bindings": [
		{
			"controller_type": "gamepad",
			"binding_url": "gamepad.json"
		},
		{
			"controller_type": "holographic_controller",
			"binding_url": "holographic_controller.json"
		},
		{
			"controller_type": "indexhmd",
			"binding_url": "indexhmd.json"
		},
		{
			"controller_type": "knuckles",
			"binding_url": "knuckles.json"
		},
		{
			"controller_type": "oculus_touch",
			"binding_url": "oculus_touch.json"
		},
		{
			"controller_type": "rift",
			"binding_url": "rift.json"
		},
		{
			"controller_type": "vive",
			"binding_url": "vive.json"
		},
		{
			"controller_type": "vive_controller",
			"binding_url": "vive_controller.json"
		},
		{
			"controller_type": "vive_cosmos_controller",
			"binding_url": "vive_cosmos_controller.json"
		},
		{
			"controller_type": "vive_pro",
			"binding_url": "vive_pro.json"
		},
		{
			"controller_type": "vive_tracker_camera",
			"binding_url": "vive_tracker_camera.json"
		},
		{
			"controller_type": "knuckles",
			"binding_url": "knuckles.json"
		},
		{
			"controller_type": "vive_controller",
			"binding_url": "vive_controller.json"
		},
		{
			"controller_type": "vive_cosmos_controller",
			"binding_url": "vive_cosmos_controller.json"
		},
		{
			"controller_type": "oculus_touch",
			"binding_url": "oculus_touch.json"
		},
		{
			"controller_type": "holographic_controller",
			"binding_url": "holographic_controller.json"
		},
		{
			"controller_type": "indexhmd",
			"binding_url": "indexhmd.json"
		},
		{
			"controller_type": "vive",
			"binding_url": "vive.json"
		},
		{
			"controller_type": "vive_pro",
			"binding_url": "vive_pro.json"
		},
		{
			"controller_type": "rift",
			"binding_url": "rift.json"
		},
		{
			"controller_type": "vive_tracker_camera",
			"binding_url": "vive_tracker_camera.json"
		},
		{
			"controller_type": "gamepad",
			"binding_url": "gamepad.json"
		}
	],
	"localization": [
		{
			"language_tag": "en_us",
			"/actions/main/in/controllerleft": "Left Controller [Pose]",
			"/actions/main/in/controllerright": "Right Controller [Pose]",
			"/actions/main/in/special1": "Special 1 [Tracker]",
			"/actions/main/in/special2": "Special 2 [Tracker]",
			"/actions/main/in/special3": "Special 3 [Tracker]",
			"/actions/main/in/special4": "Special 4 [Tracker]",
			"/actions/main/in/special5": "Special 5 [Tracker]",
			"/actions/main/in/special6": "Special 6 [Tracker]",
			"/actions/main/in/special7": "Special 7 [Tracker]",
			"/actions/main/in/special8": "Special 8 [Tracker]",
			"/actions/main/in/skeletonleft": "Skeleton (Left)",
			"/actions/main/in/skeletonright": "Skeleton (Right)",
			"/actions/main/in/open_console": "Open Console",
			"/actions/main/out/vibrateleft": "Haptic (Left)",
			"/actions/main/out/vibrateright": "Haptic (Right)",
			"/actions/main/in/MotionControllerTriggerLeft": "MotionControllerTriggerLeft",
			"/actions/main/in/MotionControllerTriggerRight": "MotionControllerTriggerRight",
			"/actions/main/in/MotionControllerGripLeft": "MotionControllerGripLeft",
			"/actions/main/in/MotionControllerGripRight": "MotionControllerGripRight",
			"/actions/main/in/ThumbstickPressLeft": "ThumbstickPressLeft",
			"/actions/main/in/ThumbstickPressRight": "ThumbstickPressRight",
			"/actions/main/in/ShoulderLeft": "ShoulderLeft",
			"/actions/main/in/ShoulderRight": "ShoulderRight",
			"/actions/main/in/FaceButton01Left": "FaceButton01Left",
			"/actions/main/in/FaceButton01Right": "FaceButton01Right",
			"/actions/main/in/FaceButton02Left": "FaceButton02Left",
			"/actions/main/in/FaceButton02Right": "FaceButton02Right",
			"/actions/main/in/FaceButton03Left": "FaceButton03Left",
			"/actions/main/in/FaceButton03Right": "FaceButton03Right",
			"/actions/main/in/FaceButton04Left": "FaceButton04Left",
			"/actions/main/in/FaceButton04Right": "FaceButton04Right",
			"/actions/main/in/CapTouchPointingLeft axis": "CapTouchPointingLeft",
			"/actions/main/in/CapTouchPointingRight axis": "CapTouchPointingRight",
			"/actions/main/in/CapTouchThumbLeft axis": "CapTouchThumbLeft",
			"/actions/main/in/CapTouchThumbRight axis": "CapTouchThumbRight",
			"/actions/main/in/Grip1AxisLeft axis": "Grip1AxisLeft",
			"/actions/main/in/Grip1AxisRight axis": "Grip1AxisRight",
			"/actions/main/in/TriggerAxisLeft axis": "TriggerAxisLeft",
			"/actions/main/in/TriggerAxisRight axis": "TriggerAxisRight",
			"/actions/main/in/ThumbstickXLeft axis": "ThumbstickXLeft",
			"/actions/main/in/ThumbstickYLeft axis": "ThumbstickYLeft",
			"/actions/main/in/ThumbstickXRight axis": "ThumbstickXRight",
			"/actions/main": "Main Game Actions"
		}
	]
}