{
	"name": "Default bindings for Vive Trackers",
	"controller_type": "vive_tracker_camera",
	"last_edited_by": "UnrealEngine",
	"bindings":
	{
		"/actions/main":
		{
			"sources": [
				{
					"mode": "button",
					"path": "/user/hand/left/input/trigger",
					"inputs":
					{
						"click":
						{
							"output": "/actions/main/in/MotionControllerTriggerLeft"
						}
					}
				},
				{
					"mode": "button",
					"path": "/user/hand/right/input/trigger",
					"inputs":
					{
						"click":
						{
							"output": "/actions/main/in/MotionControllerTriggerRight"
						}
					}
				},
				{
					"mode": "button",
					"path": "/user/hand/left/input/grip",
					"inputs":
					{
						"click":
						{
							"output": "/actions/main/in/MotionControllerGripLeft"
						}
					}
				},
				{
					"mode": "button",
					"path": "/user/hand/right/input/grip",
					"inputs":
					{
						"click":
						{
							"output": "/actions/main/in/MotionControllerGripRight"
						}
					}
				},
				{
					"mode": "button",
					"path": "/user/hand/left/input/application_menu",
					"inputs":
					{
						"click":
						{
							"output": "/actions/main/in/ShoulderLeft"
						}
					}
				},
				{
					"mode": "button",
					"path": "/user/hand/right/input/application_menu",
					"inputs":
					{
						"click":
						{
							"output": "/actions/main/in/ShoulderRight"
						}
					}
				},
				{
					"mode": "trackpad",
					"path": "/user/hand/left/input/trackpad",
					"inputs":
					{
						"touch":
						{
							"output": "/actions/main/in/FaceButton01Left"
						}
					}
				},
				{
					"mode": "dpad",
					"path": "/user/hand/left/input/trackpad",
					"parameters":
					{
						"sub_mode": "click"
					},
					"inputs":
					{
						"north":
						{
							"output": "/actions/main/in/FaceButton01Left"
						}
					}
				},
				{
					"mode": "dpad",
					"path": "/user/hand/right/input/trackpad",
					"parameters":
					{
						"sub_mode": "click"
					},
					"inputs":
					{
						"north":
						{
							"output": "/actions/main/in/FaceButton01Right"
						}
					}
				},
				{
					"mode": "dpad",
					"path": "/user/hand/left/input/trackpad",
					"parameters":
					{
						"sub_mode": "click"
					},
					"inputs":
					{
						"east":
						{
							"output": "/actions/main/in/FaceButton02Left"
						}
					}
				},
				{
					"mode": "dpad",
					"path": "/user/hand/right/input/trackpad",
					"parameters":
					{
						"sub_mode": "click"
					},
					"inputs":
					{
						"east":
						{
							"output": "/actions/main/in/FaceButton02Right"
						}
					}
				},
				{
					"mode": "dpad",
					"path": "/user/hand/left/input/trackpad",
					"parameters":
					{
						"sub_mode": "click"
					},
					"inputs":
					{
						"south":
						{
							"output": "/actions/main/in/FaceButton03Left"
						}
					}
				},
				{
					"mode": "dpad",
					"path": "/user/hand/right/input/trackpad",
					"parameters":
					{
						"sub_mode": "click"
					},
					"inputs":
					{
						"south":
						{
							"output": "/actions/main/in/FaceButton03Right"
						}
					}
				},
				{
					"mode": "dpad",
					"path": "/user/hand/left/input/trackpad",
					"parameters":
					{
						"sub_mode": "click"
					},
					"inputs":
					{
						"west":
						{
							"output": "/actions/main/in/FaceButton04Left"
						}
					}
				},
				{
					"mode": "dpad",
					"path": "/user/hand/right/input/trackpad",
					"parameters":
					{
						"sub_mode": "click"
					},
					"inputs":
					{
						"east":
						{
							"output": "/actions/main/in/FaceButton04Right"
						}
					}
				},
				{
					"mode": "scalar_constant",
					"path": "/user/hand/left/input/grip",
					"inputs":
					{
						"value":
						{
							"output": "/actions/main/in/Grip1AxisLeft axis"
						}
					}
				},
				{
					"mode": "scalar_constant",
					"path": "/user/hand/right/input/grip",
					"inputs":
					{
						"value":
						{
							"output": "/actions/main/in/Grip1AxisRight axis"
						}
					}
				},
				{
					"mode": "trigger",
					"path": "/user/hand/left/input/trigger",
					"inputs":
					{
						"pull":
						{
							"output": "/actions/main/in/TriggerAxisLeft axis"
						}
					}
				},
				{
					"mode": "trigger",
					"path": "/user/hand/right/input/trigger",
					"inputs":
					{
						"pull":
						{
							"output": "/actions/main/in/TriggerAxisRight axis"
						}
					}
				},
				{
					"mode": "scalar_constant",
					"path": "/user/hand/left/input/trackpad",
					"inputs":
					{
						"value":
						{
							"output": "/actions/main/in/ThumbstickXLeft axis"
						}
					}
				}
			],
			"poses": [
				{
					"output": "/actions/main/in/special1",
					"path": "/user/hand/left/pose/back",
					"requirement": "optional"
				},
				{
					"output": "/actions/main/in/special2",
					"path": "/user/hand/right/pose/back",
					"requirement": "optional"
				},
				{
					"output": "/actions/main/in/special3",
					"path": "/user/hand/left/pose/front",
					"requirement": "optional"
				},
				{
					"output": "/actions/main/in/special4",
					"path": "/user/hand/right/pose/front",
					"requirement": "optional"
				},
				{
					"output": "/actions/main/in/special5",
					"path": "/user/hand/left/pose/frontandrolled",
					"requirement": "optional"
				},
				{
					"output": "/actions/main/in/special6",
					"path": "/user/hand/right/pose/frontandrolled",
					"requirement": "optional"
				},
				{
					"output": "/actions/main/in/special7",
					"path": "/user/hand/left/pose/pistolgrip",
					"requirement": "optional"
				},
				{
					"output": "/actions/main/in/special8",
					"path": "/user/hand/right/pose/pistolgrip",
					"requirement": "optional"
				}
			]
		}
	},
	"description": "AVR-11100242"
}